282.0335032,69.69563382,86
278.8850933,63.5198925,86
289.0299696,83.10732957,86
284.1324431,78.09782266,86
280.6342099,75.04970999,86
286.231383,56.65501266,86
296.0264361,94.16005117,86
291.1289096,89.0975336,86
294.6271428,51.28326627,86
303.0229025,101.263479,86
308.1827965,108.7777393,86
313.8674255,46.74791022,86
321.1819132,116.1570635,86
333.1077083,123.2894062,86
350.5988744,41.91805053,86
349.8992278,129.6241795,86
364.5918073,134.8192237,86
378.0017014,139.3840301,86
399.5741396,37.78487601,86
397.1889806,144.6864342,86
413.5670725,149.4302855,86
434.5564719,154.6540438,86
455.5458712,34.28948594,86
455.5458712,159.1157739,86
474.786154,163.6835254,86
497.52467,168.1828047,86
511.5176029,31.68036775,86
525.5105358,173.6163969,86
551.747285,179.196715,86
567.4893345,29.20377621,86
577.9840342,184.0528696,86
604.2207834,188.643971,86
623.4610661,27.34840328,86
630.4575326,193.4953926,86
658.4433984,197.8687716,86
679.4327978,25.71666905,86
684.6801476,201.8209053,86
714.4151301,206.4896294,86
735.4045294,24.27544186,86
749.3974623,210.9425244,86
791.3762611,23.1820971,86
786.1289112,215.8411909,86
824.6094767,220.1181869,86
847.3479927,22.24612772,86
868.3373921,224.6912165,86
903.3197243,21.5089483,86
915.5635406,228.984497,86
959.291456,20.74692013,86
966.2879224,233.0048965,86
1015.263188,20.1174186,86
1022.259654,236.8233202,86
1071.234919,19.60387788,86
1078.231386,239.7471892,86
1127.206651,19.09033716,86
1134.203117,242.198932,86
1183.178383,18.70932307,86
1190.174849,243.8141004,86
1239.150114,18.36144065,86
1246.146581,244.8991622,86
1295.121846,18.01355823,86
1302.118312,245.213913,86
1351.093577,17.76507078,86
1358.090044,245.213913,86
1407.065309,17.53314916,86
1414.061775,245.213913,86
1463.037041,17.26809589,86
1470.033507,245.213913,86
1519.008772,17.19354965,86
1526.005239,245.213913,86
1574.980504,17.08587176,86
1581.97697,245.213913,86
1630.952236,16.87051597,86
1637.948702,245.213913,86
1686.923967,16.83738431,86
1693.920434,245.213913,86
1742.895699,16.6054627,86
1749.892165,245.213913,86
1798.86743,16.6054627,86
1805.863897,245.213913,86
1854.839162,16.37354108,86
1861.835629,245.213913,86
1910.810894,16.34040942,86
1917.80736,245.213913,86
1966.782625,16.34040942,86
1973.779092,245.213913,86
2022.754357,16.34040942,86
2029.750823,245.213913,86
2078.726089,16.1581853,86
2085.722555,245.213913,86
2134.69782,16.07535615,86
2141.694287,245.213913,86
2190.669552,16.07535615,86
2197.666018,245.213913,86
2246.641284,16.07535615,86
2253.63775,245.213913,86
2302.613015,16.07535615,86
2309.609482,245.213913,86
2358.584747,16.07535615,86
2365.581213,245.213913,86
2414.556478,16.07535615,86
2421.552945,245.213913,86
2470.52821,16.07535615,86
2477.524677,245.213913,86
2526.499942,16.07535615,86
2533.496408,245.213913,86
2582.471673,16.24101444,86
2589.46814,245.213913,86
2638.443405,16.34040942,86
2645.439871,245.213913,86
2694.415137,16.34040942,86
2701.411603,245.213913,86
2750.386868,16.34040942,86
2757.383335,245.213913,86
2806.3586,16.52263355,86
2813.355066,245.213913,86
2862.330332,16.6054627,86
2869.326798,245.213913,86
2918.302063,16.73798934,86
2925.29853,245.213913,86
2974.273795,16.87051597,86
2981.270261,245.213913,86
3030.245526,17.00304261,86
3037.241993,245.213913,86
3086.217258,17.13556925,86
3093.213725,245.213913,86
3142.18899,17.25981297,86
3149.185456,245.213913,86
3198.160721,17.43375418,86
3205.157188,245.213913,86
3254.132453,17.64910997,86
3261.128919,245.213913,86
3310.104185,17.86446576,86
3317.100651,245.213913,86
3366.075916,18.12951903,86
3373.072383,245.213913,86
3422.047648,18.41113814,86
3429.044114,245.213913,86
3478.01938,18.7258889,86
3485.015846,245.213913,86
3533.991111,19.02407384,86
3540.987578,245.213913,86
3589.962843,19.38852209,86
3596.959309,245.213913,86
3645.934574,19.78610201,86
3652.931041,245.213913,86
3701.906306,20.23337941,86
3708.902773,245.213913,86
3757.878038,20.69722264,86
3764.874504,245.213913,86
3813.849769,21.1776317,86
3820.846236,245.3795713,86
3869.821501,21.77400157,86
3876.817967,245.4789663,86
3925.793233,22.27925938,86
3932.789699,245.4789663,86
3981.764964,23.00815589,86
3988.761431,245.4789663,86
4037.736696,24.01038859,86
4044.733162,245.4789663,86
4093.708428,25.58414241,86
4100.704894,245.4789663,86
4149.680159,27.14961332,86
4156.676626,245.4789663,86
4205.651891,28.71508423,86
4212.648357,245.4789663,86
4261.623622,30.45449635,86
4268.620089,245.4789663,86
4317.595354,32.36784969,86
4324.591821,245.4789663,86
4373.567086,34.14867638,86
4380.563552,245.4789663,86
4429.538817,36.18627344,86
4436.535284,245.4789663,86
4485.510549,38.29841673,86
4492.507015,245.4789663,86
4541.482281,40.41056002,86
4548.478747,245.4789663,86
4597.454012,42.76290784,86
4604.450479,245.4789663,86
4653.425744,45.12353858,86
4660.42221,245.4789663,86
4709.397476,47.5835643,86
4716.393942,245.4789663,86
4765.369207,50.30864329,86
4772.365674,245.4789663,86
4821.340939,52.9923077,86
4828.337405,245.4789663,86
4877.31267,55.91617665,86
4884.309137,245.4789663,86
4933.284402,58.87317726,86
4940.280869,245.4789663,86
4989.256134,62.06209948,86
4996.2526,245.4789663,86
5045.227865,65.46637749,86
5052.224332,245.4789663,86
5101.199597,68.9783334,86
5108.196063,245.4789663,86
5157.171329,72.82988881,86
5164.167795,245.4789663,86
5211.393944,76.76372117,86
5220.139527,245.4789663,86
5263.867442,80.84554162,86
5276.111258,245.4789663,86
5316.34094,85.245426,86
5332.08299,245.4789663,86
5367.065322,90.02522007,86
5388.054722,245.4789663,86
5410.793238,94.49498213,86
5444.026453,245.4789663,86
5451.02292,98.97076812,86
5500.114793,245.5496471,86
5487.754369,103.5576623,86
5522.736701,108.026755,86
5555.969917,245.6114929,86
5561.217266,112.2535516,86
5597.948715,116.6895796,86
5611.941648,245.6114929,86
5635.316207,121.2051236,86
5667.91338,245.6114929,86
5670.537055,125.4871396,86
5704.644829,129.6920994,86
5723.885111,245.6114929,86
5736.540485,133.9850854,86
5767.613027,138.3164544,86
5779.856843,245.6114929,86
5799.097126,142.8297227,86
5835.828575,245.6114929,86
5830.169668,147.4092543,86
5858.567091,151.7826333,86
5891.800306,245.6114929,86
5886.552956,156.0234857,86
5913.139529,160.2201626,86
5947.772038,245.6114929,86
5940.775572,164.5797368,86
5968.761437,169.1933204,86
6003.74377,245.6114929,86
5996.39748,173.8085605,86
6019.754914,178.0738794,86
6043.973452,182.3300233,86
6059.715501,245.6114929,86
6068.461084,186.8927262,86
6092.679622,191.5610134,86
6115.687233,245.2884592,86
6112.34801,195.8658122,86
6133.178399,200.2321633,86
6152.418682,204.7667831,86
6171.658965,243.0272235,86
6171.817975,209.4558165,86
6188.100661,213.7255838,86
6202.348011,218.1061916,86
6211.888647,237.4301818,86
6212.938117,222.7108899,86
6221.037872,228.1179767,86
6225.007021,233.0214623,86
668.9380981,106.6131376,90
677.3338578,114.4366268,90
674.1854479,99.26895306,90
681.1819144,94.92870567,90
688.1783809,121.3015066,90
697.5070028,88.75885442,90
700.4221971,126.2712555,90
717.2137166,131.1879938,90
721.4115965,83.44306372,90
728.408063,135.7027346,90
745.8992291,78.72732419,90
749.3974623,141.1363267,90
768.6377451,146.2695252,90
775.6342115,73.97477171,90
787.8780278,150.8107713,90
812.3656604,69.57194229,90
808.8674272,155.0516237,90
829.8568266,159.4250028,90
856.0935758,65.07962908,90
852.5953425,164.5241229,90
875.3338585,168.6135163,90
906.8179576,60.95218889,90
899.8214911,173.0531587,90
926.0582403,177.9093133,90
962.7896892,57.35740384,90
952.2949895,182.164365,90
982.0299719,186.6813146,90
1018.761421,54.20989619,90
1015.263188,191.9116993,90
1048.496403,196.4293851,90
1074.733152,51.68360716,90
1081.729619,201.3741012,90
1116.711951,206.0920495,90
1130.704884,49.71227342,90
1149.945167,210.6833612,90
1186.676616,47.84861757,90
1186.676616,215.0641029,90
1230.404531,219.4833565,90
1242.648347,46.30799541,90
1281.128913,223.3967152,90
1298.620079,45.20636773,90
1337.100644,226.5442229,90
1354.591811,44.32009584,90
1393.072376,228.9131365,90
1410.563542,43.50837018,90
1449.044108,230.6691145,90
1466.535274,42.84573699,90
1505.015839,231.9612492,90
1522.507006,42.24936712,90
1560.987571,232.855804,90
1578.478737,41.75239223,90
1616.959303,233.3693447,90
1634.450469,41.35481232,90
1672.931034,233.4190422,90
1690.4222,41.07319321,90
1728.902766,233.2533839,90
1746.393932,40.6756133,90
1784.874498,233.153989,90
1802.365664,40.59278415,90
1840.846229,233.153989,90
1858.337395,40.54308666,90
1896.817961,233.153989,90
1914.309127,40.29459921,90
1952.789692,233.153989,90
1970.280859,40.07924343,90
2008.761424,233.1871206,90
2026.25259,40.07924343,90
2064.733156,233.153989,90
2082.224322,40.0626776,90
2120.704887,233.153989,90
2138.196054,40.0626776,90
2176.676619,233.153989,90
2194.167785,40.0626776,90
2232.648351,233.153989,90
2250.139517,40.0626776,90
2288.620082,233.153989,90
2306.111248,40.0626776,90
2344.591814,233.153989,90
2362.08298,40.0626776,90
2400.563546,233.153989,90
2418.054712,40.0626776,90
2456.535277,233.153989,90
2474.026443,40.27803338,90
2512.507009,233.153989,90
2529.998175,40.32773087,90
2568.47874,232.9055015,90
2585.969907,40.37742836,90
2624.450472,232.8889357,90
2641.941638,40.3442967,90
2680.422204,232.8889357,90
2697.91337,40.32773087,90
2736.393935,232.8889357,90
2753.885102,40.32773087,90
2792.365667,232.6901457,90
2809.856833,40.2283359,90
2848.337399,232.6238824,90
2865.828565,40.0626776,90
2904.30913,232.6238824,90
2921.800296,40.0626776,90
2960.280862,232.6238824,90
2977.772028,40.0626776,90
3016.252594,232.6570141,90
3033.74376,40.0626776,90
3072.224325,232.6238824,90
3089.715491,40.0626776,90
3128.196057,232.6238824,90
3145.687223,40.05439468,90
3184.167788,232.6238824,90
3201.658955,39.93015096,90
3240.13952,232.6238824,90
3257.630686,39.93015096,90
3296.111252,232.6238824,90
3313.602418,40.02954594,90
3352.082983,232.6238824,90
3369.57415,40.0626776,90
3408.054715,232.6238824,90
3425.545881,40.0626776,90
3464.026447,232.6238824,90
3481.517613,40.0626776,90
3519.998178,232.6238824,90
3537.489344,40.16207258,90
3575.96991,232.6238824,90
3593.461076,40.52652083,90
3631.941642,232.6238824,90
3649.432808,40.6756133,90
3687.913373,232.6238824,90
3705.404539,41.10632487,90
3743.885105,232.6238824,90
3761.376271,41.52047061,90
3799.856836,232.6238824,90
3817.348003,42.01744551,90
3855.828568,232.6238824,90
3873.319734,42.58068372,90
3911.8003,232.6238824,90
3929.291466,43.27644857,90
3967.772031,232.6238824,90
3985.263197,43.98877924,90
4023.743763,232.6238824,90
4041.234929,44.83363656,90
4079.715495,232.6238824,90
4097.206661,45.78617177,90
4135.687226,232.6238824,90
4153.178392,46.92093111,90
4191.658958,232.6238824,90
4209.150124,48.32902663,90
4247.63069,232.6238824,90
4265.121856,49.82823423,90
4303.602421,232.6238824,90
4321.093587,51.34400765,90
4359.574153,232.6238824,90
4377.065319,53.0999856,90
4415.545884,232.6238824,90
4433.037051,55.18728014,90
4471.517616,232.6238824,90
4489.008782,57.0592189,90
4527.489348,232.6238824,90
4544.980514,59.41156672,90
4583.461079,232.6238824,90
4600.952245,61.66451957,90
4639.432811,232.6238824,90
4656.923977,63.9671699,90
4695.404543,232.6238824,90
4712.895709,66.59285391,90
4751.376274,232.6238824,90
4768.86744,69.15227461,90
4807.348006,232.6238824,90
4824.839172,72.09270938,90
4863.319738,232.6238824,90
4880.810904,74.95859793,90
4919.291469,232.6238824,90
4936.782635,78.13095432,90
4975.263201,232.5907507,90
4992.754367,81.28674489,90
5031.234932,232.6238824,90
5048.726099,84.82354953,90
5087.206664,232.6238824,90
5104.69783,88.41005167,90
5143.178396,232.6238824,90
5160.669562,92.08766587,90
5199.150127,232.6238824,90
5216.641293,96.36993286,90
5255.121859,232.6238824,90
5270.863908,100.6361862,90
5311.093591,232.6238824,90
5319.839174,104.7356769,90
5367.065322,232.6238824,90
5367.065322,109.1469207,90
5410.793238,113.4221956,90
5423.037054,232.6238824,90
5451.02292,117.9662529,90
5477.7261,232.6415526,90
5486.005252,122.6948769,90
5515.740234,126.9265261,90
5534.980517,232.756409,90
5547.224333,131.2262793,90
5590.952249,232.756409,90
5578.708432,135.496582,90
5615.280871,140.1443849,90
5646.92398,232.756409,90
5648.673097,144.1457858,90
5677.07052,148.2278011,90
5702.895712,232.756409,90
5707.731505,152.4296751,90
5736.540485,156.7173016,90
5758.867444,232.756409,90
5767.613027,161.2435627,90
5798.685569,165.6979303,90
5814.839175,232.756409,90
5825.683698,170.0536391,90
5853.319741,174.3287276,90
5870.810907,232.756409,90
5880.955783,178.6767057,90
5906.143063,183.0589198,90
5926.782639,232.756409,90
5932.029988,187.4701636,90
5956.517621,191.9192722,90
5982.75437,232.5244874,90
5979.256137,196.3115836,90
6000.245536,200.7180943,90
6019.485819,205.164363,90
6035.227869,230.1532072,90
6037.676632,209.2726888,90
6053.302074,213.9044948,90
6063.213734,224.882118,90
6061.464618,218.6202343,90
6070.210201,221.4916448,90
1036.252587,86.7341419,94
1045.581209,97.01231892,94
1043.249053,79.65501066,94
1053.452234,116.2691757,94
1050.24552,109.1753192,94
1050.24552,104.6473258,94
1043.249053,101.5550376,94
1043.249053,93.07333274,94
1065.987569,74.83284822,94
1063.801174,126.3043872,94
1057.241986,121.4340332,94
1070.985045,132.225488,94
1081.729619,137.900468,94
1099.220785,144.029825,94
1113.213718,69.9308686,94
1116.711951,149.4302855,94
1135.952234,154.512682,94
1169.18545,66.55972225,94
1158.69075,159.2372567,94
1190.174849,164.0546,94
1225.157181,64.31505233,94
1226.906298,168.6376121,94
1272.38333,172.713007,94
1281.128913,62.69160101,94
1326.605945,176.6148121,94
1337.100644,61.54027585,94
1382.577676,179.8699976,94
1393.072376,60.57117481,94
1438.549408,182.6199254,94
1449.044108,59.67662,94
1494.52114,185.1627802,94
1505.015839,58.98085515,94
1550.492871,187.4157331,94
1560.987571,58.38448528,94
1606.464603,189.3870668,94
1616.959303,57.85437873,94
1662.436335,191.3335518,94
1672.931034,57.3905355,94
1718.408066,192.9901348,94
1728.902766,57.12548222,94
1774.379798,194.522474,94
1784.874498,56.84386312,94
1830.35153,196.079662,94
1840.846229,56.56224401,94
1886.323261,197.4049284,94
1896.817961,56.36345405,94
1942.294993,198.5562536,94
1952.789692,56.11496661,94
1998.266724,199.5916179,94
2008.761424,56.03213746,94
2054.238456,200.3702119,94
2064.733156,55.96587414,94
2110.210188,201.2647667,94
2120.704887,55.96587414,94
2166.181919,201.8445708,94
2176.676619,55.86647916,94
2222.153651,202.2752823,94
2232.648351,55.70082086,94
2278.125383,202.308414,94
2288.620082,55.70082086,94
2334.097114,202.2752823,94
2344.591814,55.70082086,94
2390.068846,202.2752823,94
2400.563546,55.70082086,94
2446.040578,202.2752823,94
2456.535277,55.70082086,94
2502.012309,202.2752823,94
2512.507009,55.71738669,94
2557.984041,202.2752823,94
2568.47874,55.96587414,94
2613.955772,202.3249798,94
2624.450472,55.96587414,94
2669.927504,202.5403356,94
2680.422204,55.96587414,94
2725.899236,202.5403356,94
2736.393935,55.9990058,94
2781.870967,202.5403356,94
2792.365667,56.09840078,94
2837.842699,202.5403356,94
2848.337399,56.09840078,94
2893.814431,202.4906381,94
2904.30913,56.09840078,94
2949.786162,202.2752823,94
2960.280862,56.09840078,94
3005.757894,202.2752823,94
3016.252594,56.09840078,94
3061.729626,202.2587165,94
3072.224325,56.09840078,94
3117.701357,202.0102291,94
3128.196057,56.09840078,94
3173.673089,202.0102291,94
3184.167788,56.09840078,94
3229.64482,202.0102291,94
3240.13952,56.09840078,94
3285.616552,202.0102291,94
3296.111252,56.09840078,94
3341.588284,201.7617416,94
3352.082983,56.29719074,94
3397.560015,201.7451758,94
3408.054715,56.36345405,94
3453.531747,201.7451758,94
3464.026447,56.54567818,94
3509.503479,201.7451758,94
3519.998178,56.64507316,94
3565.47521,201.7451758,94
3575.96991,56.89356061,94
3621.446942,201.4801225,94
3631.941642,57.10891639,94
3677.418674,201.4801225,94
3687.913373,57.34083801,94
3733.390405,201.4801225,94
3743.885105,57.70528626,94
3789.362137,201.4801225,94
3799.856836,58.15256367,94
3845.333868,201.2647667,94
3855.828568,58.64953856,94
3901.3056,201.2150692,94
3911.8003,59.21277677,94
3957.277332,201.2150692,94
3967.772031,59.90854162,94
4013.249063,201.2150692,94
4023.743763,60.68713561,94
4069.220795,201.2150692,94
4079.715495,61.54855876,94
4125.192527,200.9997134,94
4135.687226,62.46796231,94
4181.164258,200.950016,94
4191.658958,63.48676084,94
4237.13599,200.950016,94
4247.63069,64.87829054,94
4293.107721,200.950016,94
4303.602421,66.37749813,94
4349.079453,200.5855677,94
4359.574153,67.92640321,94
4405.051185,200.4199094,94
4415.545884,69.74864448,94
4461.022916,200.4199094,94
4471.517616,72.01816315,94
4516.994648,200.4199094,94
4527.489348,74.37879389,94
4572.96638,200.4199094,94
4583.461079,77.07074122,94
4628.938111,200.4199094,94
4639.432811,79.9034981,94
4684.909843,200.4199094,94
4695.404543,83.08413741,94
4740.881575,200.4199094,94
4751.376274,86.35588878,94
4796.853306,200.4199094,94
4807.348006,89.90097635,94
4852.825038,200.2708169,94
4863.319738,93.62828804,94
4908.796769,200.1548561,94
4917.542353,97.51739266,94
4964.768501,200.1548561,94
4971.764968,101.4556426,94
5020.740233,200.1548561,94
5024.238466,105.5119043,94
5076.711964,200.1548561,94
5076.711964,109.7054258,94
5132.683696,199.972632,94
5130.934579,114.2510895,94
5183.408078,118.7746654,94
5188.655428,199.8898029,94
5235.881576,123.5367892,94
5244.627159,199.8898029,94
5283.107725,128.0382774,94
5300.598891,199.8898029,94
5323.337407,131.6988237,94
5356.570623,199.7572762,94
5367.065322,136.2580843,94
5412.542354,199.6247496,94
5414.291471,140.9970039,94
5456.27027,145.6044824,94
5468.514086,199.6247496,94
5494.750835,150.0718349,94
5524.485817,199.8898029,94
5533.231401,154.2404,94
5580.457549,199.8898029,94
5571.711966,158.4933003,94
5608.443415,162.7293336,94
5636.429281,199.8898029,94
5646.446949,167.1436754,94
5684.904798,171.6426966,94
5692.401012,199.8898029,94
5718.226205,175.7855461,94
5748.372744,199.5584863,94
5745.224334,180.1786742,94
5770.842165,184.6696282,94
5788.602426,188.7428401,94
5793.849776,196.7356689,94
5797.348009,192.2787244,94
1284.189867,143.8972984,95
1289.874496,138.1058843,95
1300.369196,150.5898936,95
1304.916899,133.0433667,95
1340.598878,154.5159952,95
1330.104178,128.1045407,95
1352.842694,123.8952422,95
1382.577676,118.9160271,95
1396.570609,157.6386541,95
1417.560009,114.1450682,95
1452.542341,159.6017049,95
1450.793224,109.5949869,95
1484.02644,105.9284166,95
1508.514073,161.2251563,95
1524.256122,101.4836771,95
1564.485804,162.6663834,95
1569.733154,97.0899093,95
1620.457536,163.8591232,95
1620.457536,92.41069955,95
1676.429268,164.7619609,95
1676.429268,87.79711597,95
1732.400999,165.5985353,95
1732.400999,83.85444849,95
1788.372731,166.3605635,95
1788.372731,79.95319559,95
1844.344462,167.0563283,95
1844.344462,76.59033216,95
1900.316194,167.7189615,95
1900.316194,73.68302904,95
1956.287926,168.3318972,95
1956.287926,71.14017418,95
2012.259657,168.7957404,95
2012.259657,68.82924093,95
2068.231389,169.3092812,95
2068.231389,67.04841423,95
2124.203121,169.5909003,95
2124.203121,65.59062121,95
2180.174852,169.8725194,95
2180.174852,64.43101313,95
2236.146584,170.2369676,95
2236.146584,63.6855508,95
2292.118316,170.3860601,95
2292.118316,63.33766837,95
2348.090047,170.6511134,95
2348.090047,63.12231258,95
2404.061779,170.7339425,95
2404.061779,63.20514173,95
2460.03351,170.7339425,95
2460.03351,63.38736586,95
2516.005242,170.9327325,95
2516.005242,63.58615582,95
2571.976974,170.9989958,95
2571.976974,63.9671699,95
2627.948705,170.9989958,95
2627.948705,64.36474981,95
2683.920437,170.8996008,95
2683.920437,64.87829054,95
2739.892169,170.7339425,95
2739.892169,65.40839709,95
2795.8639,170.7339425,95
2795.8639,65.9716353,95
2851.835632,170.6345475,95
2851.835632,66.61770266,95
2907.807364,170.3529284,95
2907.807364,67.2554871,95
2963.779095,170.1375727,95
2963.779095,67.89327155,95
3019.750827,169.7896902,95
3019.750827,68.57247057,95
3075.722558,169.4500907,95
3075.722558,69.28480125,95
3131.69429,169.1436229,95
3131.69429,70.17935605,95
3187.666022,168.8288721,95
3187.666022,71.14017418,95
3243.637753,168.4312922,95
3243.637753,72.00159732,95
3299.609485,168.0834098,95
3299.609485,72.9375667,95
3355.581217,167.7355273,95
3355.581217,73.85697025,95
3411.552948,167.3213816,95
3411.552948,74.76809089,95
3467.52468,166.9072359,95
3467.52468,75.82830399,95
3523.496412,166.5427876,95
3523.496412,76.88851709,95
3579.468143,166.1286419,95
3579.468143,78.13095432,95
3635.439875,165.6151011,95
3635.439875,79.21601617,95
3691.411606,165.1512579,95
3691.411606,80.30936093,95
3747.383338,164.7371122,95
3747.383338,81.52694942,95
3803.35507,164.1738739,95
3803.35507,82.8522158,95
3859.326801,163.6520503,95
3859.326801,84.26031132,95
3915.298533,163.0308317,95
3915.298533,85.51103147,95
3971.270265,162.3019352,95
3971.270265,86.92740991,95
4027.241996,161.4570779,95
4027.241996,88.50116373,95
4083.213728,160.6784839,95
4083.213728,90.0997663,95
4139.185459,159.7010999,95
4139.185459,91.69008596,95
4195.157191,158.7982622,95
4195.157191,93.40464933,95
4251.128923,157.7794637,95
4251.128923,95.30143684,95
4307.100654,156.5038948,95
4307.100654,97.18165851,95
4363.072386,155.0129701,95
4363.072386,99.30208472,95
4419.044118,153.4971967,95
4419.044118,101.5301888,95
4475.015849,151.7495016,95
4475.015849,103.9073854,95
4530.987581,149.3971538,95
4530.987581,106.7152935,95
4586.959313,146.7714698,95
4586.959313,109.7302745,95
4642.931044,143.3340601,95
4642.931044,113.5818299,95
4690.157193,139.0841718,95
4690.157193,117.7473831,95
4723.390408,134.2228538,95
4723.390408,121.9972715,95
4739.132458,127.8836629,95
1621.623614,122.0672161,96
1630.952236,114.6486694,96
1676.429268,126.1552947,96
1664.185451,109.8600402,96
1700.9169,105.5529245,96
1732.400999,127.4308636,96
1744.644815,101.1982351,96
1788.372731,128.1928918,96
1793.620081,97.04913188,96
1844.344462,128.8058275,96
1847.842696,92.82484529,96
1900.316194,129.1702757,96
1903.814427,89.25490899,96
1956.287926,129.3856315,96
1959.786159,85.90861138,96
2012.259657,129.5015923,96
2015.757891,83.08413741,96
2068.231389,129.6506848,96
2071.729622,80.60754587,96
2124.203121,129.6506848,96
2127.701354,78.59479755,96
2180.174852,129.534724,96
2183.673085,76.97134624,96
2236.146584,129.3856315,96
2239.644817,75.64607986,96
2292.118316,129.3856315,96
2295.616549,74.78465672,96
2348.090047,129.1371441,96
2351.58828,74.51132053,96
2404.061779,128.855525,96
2407.560012,74.3870768,96
2460.03351,128.7395642,96
2463.531744,74.39535972,96
2516.005242,128.3254184,96
2519.503475,74.51960344,96
2571.976974,127.977536,96
2575.475207,74.58586676,96
2627.948705,127.6462194,96
2631.446939,74.98344667,96
2683.920437,127.2320736,96
2687.41867,75.31476327,96
2739.892169,126.7847962,96
2743.390402,75.74547484,96
2795.8639,126.5363088,96
2799.362133,76.24244973,96
2851.835632,126.2049922,96
2855.333865,76.75599045,96
2907.807364,126.0558997,96
2911.305597,77.36892615,96
2963.779095,125.6914515,96
2967.277328,77.98186185,96
3019.750827,125.6086223,96
3023.24906,78.64449504,96
3075.722558,125.2607399,96
3079.220792,79.27399657,96
3131.69429,125.1282133,96
3135.192523,79.94491268,96
3187.666022,124.962555,96
3191.164255,80.78148708,96
3243.637753,124.6809359,96
3247.135987,81.64291022,96
3299.609485,124.283356,96
3303.107718,82.66999167,96
3355.581217,123.9437564,96
3359.07945,83.63080979,96
3411.552948,123.5875911,96
3415.051181,84.68273998,96
3467.52468,123.0740504,96
3471.022913,85.72638725,96
3523.496412,122.4611147,96
3526.994645,87.01023906,96
3579.468143,121.6328232,96
3582.966376,88.38520293,96
3635.439875,120.7714001,96
3638.938108,89.94239092,96
3691.411606,119.6946211,96
3694.90984,91.58240806,96
3747.383338,118.3693547,96
3750.881571,93.63657095,96
3803.35507,116.5636793,96
3806.853303,96.02205043,96
3859.326801,113.5652641,96
3861.075918,99.27557939,96
3901.3056,109.2415826,96
3901.3056,103.3110155,96
3917.04765,106.3259965,96
